Reviewer Name,Review Date,Review
W***.,3 weeks ago,"Perfect for iPhone and iPad users, High-quality braided cable,"
Harwant S.,26 Jan 2025,Shipment was fast. Length is just perfect for use in my car. Thank you
Chong F.,1 week ago,"汳ｲPrice:mfi cable expensive 
 泝｡Durability:normal cable, not special in durability 

 笙気ompatibility:it compatibility with ip13 pro"
T***.,1 week ago,"Great value for money, Reliable and long-lasting, Compatible with various devices.  Affordable price."
Teoh W.,2 weeks ago,"Fast data transfer speed, Great value for money, Convenient length options, Reliable and long-lasting,"
W***.,3 weeks ago,"Perfect for iPhone and iPad users, High-quality braided cable,"
Harwant S.,26 Jan 2025,Shipment was fast. Length is just perfect for use in my car. Thank you
Chong F.,1 week ago,"汳ｲPrice:mfi cable expensive 
 泝｡Durability:normal cable, not special in durability 

 笙気ompatibility:it compatibility with ip13 pro"
T***.,1 week ago,"Great value for money, Reliable and long-lasting, Compatible with various devices.  Affordable price."
Teoh W.,2 weeks ago,"Fast data transfer speed, Great value for money, Convenient length options, Reliable and long-lasting,"
W***.,3 weeks ago,"Perfect for iPhone and iPad users, High-quality braided cable,"
Harwant S.,26 Jan 2025,Shipment was fast. Length is just perfect for use in my car. Thank you
Chong F.,1 week ago,"汳ｲPrice:mfi cable expensive 
 泝｡Durability:normal cable, not special in durability 

 笙気ompatibility:it compatibility with ip13 pro"
T***.,1 week ago,"Great value for money, Reliable and long-lasting, Compatible with various devices.  Affordable price."
Teoh W.,2 weeks ago,"Fast data transfer speed, Great value for money, Convenient length options, Reliable and long-lasting,"
W***.,3 weeks ago,"Perfect for iPhone and iPad users, High-quality braided cable,"
Harwant S.,26 Jan 2025,Shipment was fast. Length is just perfect for use in my car. Thank you
Chong F.,1 week ago,"汳ｲPrice:mfi cable expensive 
 泝｡Durability:normal cable, not special in durability 

 笙気ompatibility:it compatibility with ip13 pro"
T***.,1 week ago,"Great value for money, Reliable and long-lasting, Compatible with various devices.  Affordable price."
Teoh W.,2 weeks ago,"Fast data transfer speed, Great value for money, Convenient length options, Reliable and long-lasting,"
W***.,3 weeks ago,"Perfect for iPhone and iPad users, High-quality braided cable,"
Harwant S.,26 Jan 2025,Shipment was fast. Length is just perfect for use in my car. Thank you
Chong F.,1 week ago,"汳ｲPrice:mfi cable expensive 
 泝｡Durability:normal cable, not special in durability 

 笙気ompatibility:it compatibility with ip13 pro"
T***.,1 week ago,"Great value for money, Reliable and long-lasting, Compatible with various devices.  Affordable price."
Teoh W.,2 weeks ago,"Fast data transfer speed, Great value for money, Convenient length options, Reliable and long-lasting,"
